Ad Group,Keyword,Campaign,Criterion Type,Final URL
sofas,sofas buy,SEM_Sofas,Exact,YourDomainSofas.com/sofas
sofas,buy sofas,SEM_Sofas,Exact,YourDomainSofas.com/sofas
sofas,sofas price,SEM_Sofas,Exact,YourDomainSofas.com/sofas
sofas,price sofas,SEM_Sofas,Exact,YourDomainSofas.com/sofas
sofas,sofas discount,SEM_Sofas,Exact,YourDomainSofas.com/sofas
sofas,discount sofas,SEM_Sofas,Exact,YourDomainSofas.com/sofas
sofas,sofas promotion,SEM_Sofas,Exact,YourDomainSofas.com/sofas
sofas,promotion sofas,SEM_Sofas,Exact,YourDomainSofas.com/sofas
sofas,sofas promo,SEM_Sofas,Exact,YourDomainSofas.com/sofas
sofas,promo sofas,SEM_Sofas,Exact,YourDomainSofas.com/sofas
sofas,sofas shop,SEM_Sofas,Exact,YourDomainSofas.com/sofas
sofas,shop sofas,SEM_Sofas,Exact,YourDomainSofas.com/sofas
convertible sofas,convertible sofas buy,SEM_Sofas,Exact,YourDomainSofas.com/convertible sofas
convertible sofas,buy convertible sofas,SEM_Sofas,Exact,YourDomainSofas.com/convertible sofas
convertible sofas,convertible sofas price,SEM_Sofas,Exact,YourDomainSofas.com/convertible sofas
convertible sofas,price convertible sofas,SEM_Sofas,Exact,YourDomainSofas.com/convertible sofas
convertible sofas,convertible sofas discount,SEM_Sofas,Exact,YourDomainSofas.com/convertible sofas
convertible sofas,discount convertible sofas,SEM_Sofas,Exact,YourDomainSofas.com/convertible sofas
convertible sofas,convertible sofas promotion,SEM_Sofas,Exact,YourDomainSofas.com/convertible sofas
convertible sofas,promotion convertible sofas,SEM_Sofas,Exact,YourDomainSofas.com/convertible sofas
convertible sofas,convertible sofas promo,SEM_Sofas,Exact,YourDomainSofas.com/convertible sofas
convertible sofas,promo convertible sofas,SEM_Sofas,Exact,YourDomainSofas.com/convertible sofas
convertible sofas,convertible sofas shop,SEM_Sofas,Exact,YourDomainSofas.com/convertible sofas
convertible sofas,shop convertible sofas,SEM_Sofas,Exact,YourDomainSofas.com/convertible sofas
love seats,love seats buy,SEM_Sofas,Exact,YourDomainSofas.com/love seats
love seats,buy love seats,SEM_Sofas,Exact,YourDomainSofas.com/love seats
love seats,love seats price,SEM_Sofas,Exact,YourDomainSofas.com/love seats
love seats,price love seats,SEM_Sofas,Exact,YourDomainSofas.com/love seats
love seats,love seats discount,SEM_Sofas,Exact,YourDomainSofas.com/love seats
love seats,discount love seats,SEM_Sofas,Exact,YourDomainSofas.com/love seats
love seats,love seats promotion,SEM_Sofas,Exact,YourDomainSofas.com/love seats
love seats,promotion love seats,SEM_Sofas,Exact,YourDomainSofas.com/love seats
love seats,love seats promo,SEM_Sofas,Exact,YourDomainSofas.com/love seats
love seats,promo love seats,SEM_Sofas,Exact,YourDomainSofas.com/love seats
love seats,love seats shop,SEM_Sofas,Exact,YourDomainSofas.com/love seats
love seats,shop love seats,SEM_Sofas,Exact,YourDomainSofas.com/love seats
recliners,recliners buy,SEM_Sofas,Exact,YourDomainSofas.com/recliners
recliners,buy recliners,SEM_Sofas,Exact,YourDomainSofas.com/recliners
recliners,recliners price,SEM_Sofas,Exact,YourDomainSofas.com/recliners
recliners,price recliners,SEM_Sofas,Exact,YourDomainSofas.com/recliners
recliners,recliners discount,SEM_Sofas,Exact,YourDomainSofas.com/recliners
recliners,discount recliners,SEM_Sofas,Exact,YourDomainSofas.com/recliners
recliners,recliners promotion,SEM_Sofas,Exact,YourDomainSofas.com/recliners
recliners,promotion recliners,SEM_Sofas,Exact,YourDomainSofas.com/recliners
recliners,recliners promo,SEM_Sofas,Exact,YourDomainSofas.com/recliners
recliners,promo recliners,SEM_Sofas,Exact,YourDomainSofas.com/recliners
recliners,recliners shop,SEM_Sofas,Exact,YourDomainSofas.com/recliners
recliners,shop recliners,SEM_Sofas,Exact,YourDomainSofas.com/recliners
sofa beds,sofa beds buy,SEM_Sofas,Exact,YourDomainSofas.com/sofa beds
sofa beds,buy sofa beds,SEM_Sofas,Exact,YourDomainSofas.com/sofa beds
sofa beds,sofa beds price,SEM_Sofas,Exact,YourDomainSofas.com/sofa beds
sofa beds,price sofa beds,SEM_Sofas,Exact,YourDomainSofas.com/sofa beds
sofa beds,sofa beds discount,SEM_Sofas,Exact,YourDomainSofas.com/sofa beds
sofa beds,discount sofa beds,SEM_Sofas,Exact,YourDomainSofas.com/sofa beds
sofa beds,sofa beds promotion,SEM_Sofas,Exact,YourDomainSofas.com/sofa beds
sofa beds,promotion sofa beds,SEM_Sofas,Exact,YourDomainSofas.com/sofa beds
sofa beds,sofa beds promo,SEM_Sofas,Exact,YourDomainSofas.com/sofa beds
sofa beds,promo sofa beds,SEM_Sofas,Exact,YourDomainSofas.com/sofa beds
sofa beds,sofa beds shop,SEM_Sofas,Exact,YourDomainSofas.com/sofa beds
sofa beds,shop sofa beds,SEM_Sofas,Exact,YourDomainSofas.com/sofa beds
sofas,sofas buy,SEM_Sofas,Phrase,YourDomainSofas.com/sofas
sofas,buy sofas,SEM_Sofas,Phrase,YourDomainSofas.com/sofas
sofas,sofas price,SEM_Sofas,Phrase,YourDomainSofas.com/sofas
sofas,price sofas,SEM_Sofas,Phrase,YourDomainSofas.com/sofas
sofas,sofas discount,SEM_Sofas,Phrase,YourDomainSofas.com/sofas
sofas,discount sofas,SEM_Sofas,Phrase,YourDomainSofas.com/sofas
sofas,sofas promotion,SEM_Sofas,Phrase,YourDomainSofas.com/sofas
sofas,promotion sofas,SEM_Sofas,Phrase,YourDomainSofas.com/sofas
sofas,sofas promo,SEM_Sofas,Phrase,YourDomainSofas.com/sofas
sofas,promo sofas,SEM_Sofas,Phrase,YourDomainSofas.com/sofas
sofas,sofas shop,SEM_Sofas,Phrase,YourDomainSofas.com/sofas
sofas,shop sofas,SEM_Sofas,Phrase,YourDomainSofas.com/sofas
convertible sofas,convertible sofas buy,SEM_Sofas,Phrase,YourDomainSofas.com/convertible sofas
convertible sofas,buy convertible sofas,SEM_Sofas,Phrase,YourDomainSofas.com/convertible sofas
convertible sofas,convertible sofas price,SEM_Sofas,Phrase,YourDomainSofas.com/convertible sofas
convertible sofas,price convertible sofas,SEM_Sofas,Phrase,YourDomainSofas.com/convertible sofas
convertible sofas,convertible sofas discount,SEM_Sofas,Phrase,YourDomainSofas.com/convertible sofas
convertible sofas,discount convertible sofas,SEM_Sofas,Phrase,YourDomainSofas.com/convertible sofas
convertible sofas,convertible sofas promotion,SEM_Sofas,Phrase,YourDomainSofas.com/convertible sofas
convertible sofas,promotion convertible sofas,SEM_Sofas,Phrase,YourDomainSofas.com/convertible sofas
convertible sofas,convertible sofas promo,SEM_Sofas,Phrase,YourDomainSofas.com/convertible sofas
convertible sofas,promo convertible sofas,SEM_Sofas,Phrase,YourDomainSofas.com/convertible sofas
convertible sofas,convertible sofas shop,SEM_Sofas,Phrase,YourDomainSofas.com/convertible sofas
convertible sofas,shop convertible sofas,SEM_Sofas,Phrase,YourDomainSofas.com/convertible sofas
love seats,love seats buy,SEM_Sofas,Phrase,YourDomainSofas.com/love seats
love seats,buy love seats,SEM_Sofas,Phrase,YourDomainSofas.com/love seats
love seats,love seats price,SEM_Sofas,Phrase,YourDomainSofas.com/love seats
love seats,price love seats,SEM_Sofas,Phrase,YourDomainSofas.com/love seats
love seats,love seats discount,SEM_Sofas,Phrase,YourDomainSofas.com/love seats
love seats,discount love seats,SEM_Sofas,Phrase,YourDomainSofas.com/love seats
love seats,love seats promotion,SEM_Sofas,Phrase,YourDomainSofas.com/love seats
love seats,promotion love seats,SEM_Sofas,Phrase,YourDomainSofas.com/love seats
love seats,love seats promo,SEM_Sofas,Phrase,YourDomainSofas.com/love seats
love seats,promo love seats,SEM_Sofas,Phrase,YourDomainSofas.com/love seats
love seats,love seats shop,SEM_Sofas,Phrase,YourDomainSofas.com/love seats
love seats,shop love seats,SEM_Sofas,Phrase,YourDomainSofas.com/love seats
recliners,recliners buy,SEM_Sofas,Phrase,YourDomainSofas.com/recliners
recliners,buy recliners,SEM_Sofas,Phrase,YourDomainSofas.com/recliners
recliners,recliners price,SEM_Sofas,Phrase,YourDomainSofas.com/recliners
recliners,price recliners,SEM_Sofas,Phrase,YourDomainSofas.com/recliners
recliners,recliners discount,SEM_Sofas,Phrase,YourDomainSofas.com/recliners
recliners,discount recliners,SEM_Sofas,Phrase,YourDomainSofas.com/recliners
recliners,recliners promotion,SEM_Sofas,Phrase,YourDomainSofas.com/recliners
recliners,promotion recliners,SEM_Sofas,Phrase,YourDomainSofas.com/recliners
recliners,recliners promo,SEM_Sofas,Phrase,YourDomainSofas.com/recliners
recliners,promo recliners,SEM_Sofas,Phrase,YourDomainSofas.com/recliners
recliners,recliners shop,SEM_Sofas,Phrase,YourDomainSofas.com/recliners
recliners,shop recliners,SEM_Sofas,Phrase,YourDomainSofas.com/recliners
sofa beds,sofa beds buy,SEM_Sofas,Phrase,YourDomainSofas.com/sofa beds
sofa beds,buy sofa beds,SEM_Sofas,Phrase,YourDomainSofas.com/sofa beds
sofa beds,sofa beds price,SEM_Sofas,Phrase,YourDomainSofas.com/sofa beds
sofa beds,price sofa beds,SEM_Sofas,Phrase,YourDomainSofas.com/sofa beds
sofa beds,sofa beds discount,SEM_Sofas,Phrase,YourDomainSofas.com/sofa beds
sofa beds,discount sofa beds,SEM_Sofas,Phrase,YourDomainSofas.com/sofa beds
sofa beds,sofa beds promotion,SEM_Sofas,Phrase,YourDomainSofas.com/sofa beds
sofa beds,promotion sofa beds,SEM_Sofas,Phrase,YourDomainSofas.com/sofa beds
sofa beds,sofa beds promo,SEM_Sofas,Phrase,YourDomainSofas.com/sofa beds
sofa beds,promo sofa beds,SEM_Sofas,Phrase,YourDomainSofas.com/sofa beds
sofa beds,sofa beds shop,SEM_Sofas,Phrase,YourDomainSofas.com/sofa beds
sofa beds,shop sofa beds,SEM_Sofas,Phrase,YourDomainSofas.com/sofa beds
